sido,sigungu,x1,x2,x3,x4,x5,x6,x7,x8,y1,y2,y3,y4,y5,y6,y7,전월세구분,a1,a2,a3
부산광역시,동구,38163,368.3,7483,14047,1441,0,14343,543,39731,8.7,0.09,0.01,0,0.02,0.12,월세,60.79929837,3732.473193,75.05827506
부산광역시,강서구,47138,652.2,9292,23555,1696,0,11626,511,51304,4,0.04,0,0,0.03,0.07,월세,69.58463584,8280.642266,57.27625716
부산광역시,연제구,83398,1029.1,16495,38031,3203,0,24188,762,85601,4.2,0.04,0,0,0.01,0.05,월세,65.15740464,5670.0656,60.3712
부산광역시,수영구,74187,787.4,14898,29442,2898,0,25229,1134,76652,3.8,0.04,0,0,0.01,0.05,월세,68.62548636,4842.817676,77.58663883
부산광역시,기장군,62178,841.6,11582,30331,2564,0,16608,552,66494,3.2,0.03,0,0,0.02,0.05,월세,65.60935686,4034.555671,56.67011911
대구광역시,중구,34207,336.5,5999,12371,1155,0,13872,552,34767,7,0.07,0,0,0.04,0.12,월세,76.64626493,3227.610619,94.48615725
대구광역시,남구,68268,644.8,12334,23994,2434,0,28372,485,69079,5.2,0.05,0,0,0.01,0.07,월세,76.08923944,3219.248826,73.11267606
광주광역시,남구,111594,1273.8,21736,49569,4506,0,33699,1247,86939,3.1,0.03,0,0,0.01,0.04,월세,65.02699067,4921.866751,47.32741117
울산광역시,동구,60684,828.6,12132,29591,2036,0,16053,303,61022,2.2,0.02,0,0,0.01,0.03,월세,64.9635071,1657.95175,54.02081362
울산광역시,울주군,84394,1075.8,17152,40202,2850,0,22484,879,86748,3.2,0.03,0,0,0.02,0.05,월세,63.79717412,2654.550584,51.47957198
경기도,김포시,156040,2228.4,28766,81608,7342,0,35185,1617,171555,1.3,0.01,0,0,0.02,0.04,월세,63.24943166,5987.948404,55.35085305
경기도,양주시,81582,1137.3,15997,40037,3928,0,19889,975,86463,2.4,0.03,0,0,0.03,0.06,월세,62.25242679,6287.575463,36.50123073
경기도,양평군,45895,498.9,11339,16836,2301,0,14149,961,47402,5,0.05,0,0,0.04,0.1,월세,75.03541103,3660,77.4
강원도,동해시,36214,434.8,8505,15119,1193,0,10528,506,37388,5.8,0.06,0,0,0.02,0.08,월세,60.66557931,3785.873611,34.52916667
강원도,태백시,18536,200.7,4431,6633,697,0,6148,492,18571,7.4,0.08,0,0,0.02,0.1,월세,40.64066447,909.4473684,33.95394737
강원도,삼척시,29361,285.3,6911,9920,914,0,10834,541,30722,8,0.08,0,0,0.02,0.1,월세,56.78821947,1381.482301,48.67256637
강원도,홍천군,28356,307,7347,9800,1304,0,9206,477,29118,7.6,0.07,0,0,0.04,0.11,월세,51.2234,1318.292994,42.58598726
강원도,횡성군,18912,194.1,5479,6118,891,0,5954,336,19466,6.9,0.07,0,0,0.05,0.12,월세,58.35907596,5781.807692,26.27884615
강원도,영월군,16608,163.4,4444,5025,584,0,6067,360,17034,9.8,0.1,0,0,0.05,0.15,월세,44.563,1252.518519,32.59259259
강원도,평창군,17758,176.1,4649,5610,777,0,6300,284,18268,5.8,0.06,0,0.01,0.05,0.12,월세,50.17064634,1225.219512,42.85365854
강원도,정선군,15595,151.9,3897,4984,612,0,5572,436,16247,9.5,0.1,0,0,0.06,0.16,월세,47.88664211,1552.192982,27.54385965
강원도,철원군,16770,215.4,3976,6745,989,0,4625,293,16930,5.6,0.06,0,0,0.05,0.11,월세,64.13747692,5475.046154,19.43076923
강원도,화천군,9713,109.7,2196,3335,477,0,3303,347,9881,8.1,0.08,0,0,0.04,0.12,월세,47.1853,1081,40.25
강원도,양구군,8519,99.6,1961,3280,437,0,2527,257,8503,5,0.05,0,0,0.04,0.09,월세,51.96699412,5502.176471,12.15882353
강원도,인제군,12326,140.5,2872,4551,648,0,3923,250,12565,6.8,0.07,0,0,0.03,0.1,월세,58.70572727,1845.454545,48.18181818
강원도,고성군,11132,119.3,2865,3593,533,0,3823,223,11700,9.8,0.11,0,0,0.05,0.16,월세,70.24291967,2213.114754,75.21311475
충청북도,보은군,14044,142.4,3943,4327,694,0,4768,198,14263,9.6,0.1,0,0,0.04,0.14,월세,65.82158421,1854.263158,39.21052632
충청북도,영동군,20749,220.5,5383,6401,1078,0,7302,447,20927,8.5,0.09,0,0,0.03,0.12,월세,48.93001351,1552.432432,24.10810811
충청북도,진천군,32901,397.8,6648,13397,1177,0,10642,678,34712,3.5,0.03,0,0,0.03,0.07,월세,69.3362326,7280.195038,25.60992499
충청북도,괴산군,17013,150.8,4858,4470,679,0,6475,424,18146,7.5,0.07,0,0,0.04,0.11,월세,41.87658824,1137.117647,19.35294118
충청북도,음성군,39538,406.7,8419,13833,1512,0,14551,932,40276,3.8,0.04,0,0,0.04,0.08,월세,46.13944941,1788.523438,28.47460938
충청북도,단양군,12719,124.5,3743,3742,460,0,4469,179,12744,8,0.08,0,0,0.03,0.11,월세,56.34105313,1521.875,50.625
충청북도,증평군,15374,191.3,2850,6384,557,0,5203,213,15677,3.9,0.04,0,0,0.02,0.06,월세,59.60468949,6917.856688,22.69426752
충청남도,보령시,41410,466.3,10274,15352,1839,0,12843,746,42313,4.5,0.05,0,0,0.03,0.08,월세,47.09985531,1377.780247,33.42962963
충청남도,계룡시,15028,230.2,3159,7962,552,0,3045,134,15101,1.3,0.01,0,0,0.01,0.03,월세,57.10566582,1854.027273,44.46909091
충청남도,부여군,27982,282.9,8064,8973,1340,0,9061,268,28221,6.5,0.07,0,0,0.03,0.1,월세,50.12698605,1518.55814,27.46511628
충청남도,서천군,22581,230.6,6634,6952,960,0,7528,315,22708,5.4,0.06,0,0,0.03,0.08,월세,43.94740064,1751.589744,20.23076923
충청남도,청양군,13382,136,3759,3966,734,0,4550,280,13497,6,0.06,0,0,0.04,0.11,월세,31.59168182,1002.181818,24.18181818
충청남도,홍성군,42235,465.3,9824,15839,1693,0,13960,526,43119,3.9,0.04,0,0,0.02,0.06,월세,53.06016818,3447.337567,31.64906417
충청남도,예산군,32933,356.3,8930,11412,1615,0,10198,523,33557,5.2,0.05,0,0,0.03,0.08,월세,60.3136996,2633.531746,36.92063492
충청남도,태안군,26887,279.4,7417,8502,1121,0,9191,408,27963,5.5,0.06,0,0,0.04,0.1,월세,54.64457639,1590.652778,39.5
전북특별자치도,익산시,118313,1364.5,24014,48579,4195,0,39240,1177,119245,3.7,0.04,0,0,0.02,0.06,월세,54.01991561,2448.115404,40.02009274
전북특별자치도,정읍시,45455,492.8,11112,16687,1589,0,15014,654,45858,4.5,0.05,0,0,0.03,0.08,월세,49.41893228,2343.480315,27.13779528
전북특별자치도,김제시,34491,355.9,8869,12029,1400,0,11457,436,34602,6,0.06,0,0,0.03,0.1,월세,50.88782282,2322.354369,25.8592233
전북특별자치도,완주군,37510,450.5,8300,14555,1628,0,12263,360,38390,6.2,0.06,0,0,0.03,0.1,월세,60.41330401,9591.96941,18.2629279
전북특별자치도,진안군,10348,101.3,2723,3100,549,0,3654,255,10632,10.5,0.11,0,0.01,0.05,0.17,월세,55.12423913,3317.826087,14.82608696
전북특별자치도,무주군,10296,100.6,2811,3201,450,0,3606,150,10429,12.1,0.13,0,0,0.05,0.18,월세,57.62464286,4043.342857,18.2
전북특별자치도,장수군,9248,91.5,2453,2941,481,0,3136,159,9354,9.2,0.09,0,0,0.04,0.13,월세,48.9154,1781.6,16
전북특별자치도,고창군,23540,230.4,6348,7396,928,0,8326,366,23409,5.5,0.06,0,0,0.04,0.1,월세,45.31217297,1604.081081,27.45945946
전라남도,목포시,92846,1109.2,17626,40712,3261,0,29003,1384,94214,4.3,0.04,0,0,0.02,0.06,월세,66.53130393,8768.578609,25.33257748
전라남도,나주시,46928,508.3,9895,17484,1382,0,16876,807,48429,5.3,0.05,0,0,0.03,0.08,월세,71.11697584,5007.18118,41.94101124
전라남도,담양군,17663,190,4831,6073,1018,0,5317,247,17957,8.9,0.09,0,0,0.05,0.15,월세,61.56172308,2761.769231,30.61538462
전라남도,곡성군,12630,111,3061,3527,556,0,5161,244,12657,9.8,0.1,0,0,0.04,0.14,월세,61.84364286,1942.857143,42.85714286
전라남도,구례군,10786,101.7,2799,3219,582,0,3930,194,10969,6,0.06,0,0.01,0.04,0.11,월세,70.64578889,2611.111111,44.44444444
전라남도,고흥군,28933,283.2,8310,7831,954,0,11154,364,29446,6,0.06,0,0,0.03,0.1,월세,50.8484566,2025.415094,49.05660377
전라남도,보성군,17708,165.3,4636,5087,785,0,6806,259,17805,7.2,0.07,0,0,0.03,0.11,월세,48.03735,1117.5,20.6
전라남도,화순군,24708,274.3,5739,9575,918,0,7983,247,25290,7.4,0.08,0,0,0.03,0.11,월세,56.84531449,2895.327103,34.92523364
전라남도,장흥군,16350,161.4,4240,4997,675,0,6078,221,16427,10.2,0.1,0,0,0.04,0.14,월세,49.79225128,1408.897436,25.48717949
전라남도,강진군,14918,149,3991,4516,586,0,5479,208,15198,6.5,0.07,0,0,0.04,0.11,월세,42.76755185,1561.037037,30.03703704
전라남도,해남군,28491,306.2,7500,8998,1478,0,9851,394,28944,6.8,0.07,0,0,0.04,0.11,월세,56.43962444,1717.377778,43.24444444
전라남도,영암군,22747,237.1,5029,7715,964,0,8218,635,23458,5.6,0.06,0,0,0.04,0.1,월세,51.51476404,4702.359551,14.51685393
전라남도,무안군,32078,369.2,6595,12848,1240,0,10720,394,35527,3.9,0.04,0,0,0.02,0.06,월세,62.82336148,3061.237037,42.58518519
전라남도,함평군,13434,125.4,3416,3947,706,0,4999,271,13473,7.9,0.08,0,0,0.05,0.13,월세,64.3144,4000,145
전라남도,영광군,21345,234.6,5075,7393,1039,0,7261,375,21731,6.6,0.07,0,0,0.04,0.11,월세,50.99201892,1608.189189,31.16216216
전라남도,장성군,17059,193.6,4600,6067,909,5,5145,175,17237,7.9,0.08,0,0,0.04,0.12,월세,50.17615714,1627.904762,23.26190476
전라남도,완도군,20810,225.3,5659,6515,934,0,7049,462,21182,5.3,0.06,0,0,0.05,0.11,월세,53.11985294,2253.647059,43.41176471
전라남도,진도군,13090,150.2,3475,3797,531,0,4893,248,13367,6.7,0.07,0,0,0.04,0.11,월세,58.60693333,2315.222222,38.77777778
경상북도,포항시,202492,2437.9,45367,89000,6198,0,57616,2455,207243,3.4,0.03,0,0,0.01,0.05,월세,69.57647935,4796.732456,47.62938596
경상북도,영주시,44303,469.5,12013,15599,1625,0,14132,538,45558,9.4,0.09,0,0,0.03,0.13,월세,62.91572523,3203.099099,45.11711712
경상북도,영천시,43310,422.9,10386,15030,1716,0,15063,819,44764,11.1,0.11,0,0,0.06,0.18,월세,65.0392433,5752.777174,22.83152174
경상북도,의성군,23767,202.6,7127,6247,969,0,8949,305,24046,20.2,0.21,0,0,0.03,0.24,월세,50.86507143,3468,29.57142857
경상북도,청송군,11512,98.4,3434,3118,394,0,4239,256,11704,18.3,0.19,0,0,0.04,0.23,월세,45.17071429,1243.428571,14.35714286
경상북도,영양군,7539,67.4,2240,2024,327,0,2759,134,7653,16.4,0.17,0,0,0.03,0.2,월세,38.8145,838.2,12.5
경상북도,영덕군,16918,147.8,4458,4765,629,0,6565,398,16952,10.4,0.11,0,0,0.03,0.15,월세,87.42523333,2083.333333,63.33333333
경상북도,청도군,18616,171.8,5024,5511,814,0,6789,346,18794,12.1,0.12,0,0,0.04,0.16,월세,67.1255,2233.333333,31.66666667
경상북도,고령군,13468,127.1,3428,4573,631,0,4499,256,13461,10.1,0.11,0,0,0.06,0.17,월세,59.01408571,1531.557143,34.35714286
경상북도,성주군,17835,173.5,4724,5575,958,0,6100,344,18152,12.5,0.13,0,0,0.06,0.2,월세,78.7578,7625,40
경상북도,칠곡군,46237,557.1,9009,20224,1529,0,14329,692,46733,4.6,0.05,0,0,0.03,0.08,월세,59.41853669,1850.520161,33.58064516
경상북도,예천군,23382,241.9,6291,7895,914,0,7862,206,23979,9.7,0.1,0,0,0.02,0.12,월세,80.01440085,2669.932203,70.18644068
경상북도,봉화군,13992,132.7,4167,3991,543,0,4903,265,14066,15.6,0.16,0,0,0.03,0.2,월세,54.755,1250,35.75
경상북도,울진군,21332,188.9,5280,6900,673,0,7883,417,21671,9.5,0.1,0,0,0.03,0.13,월세,62.24223,1870.666667,51.06666667
경상북도,울릉군,4061,25.5,937,1076,147,0,1661,235,4116,12.5,0.13,0,0.01,0.11,0.24,월세,47.1,200,67
경상남도,진주시,140718,1724.7,26974,62220,5497,0,43984,749,146562,5.6,0.06,0,0,0.01,0.08,월세,60.24712176,5966.968834,47.45781838
경상남도,사천시,45589,528.3,10084,18198,1641,0,14622,591,46501,6.2,0.06,0,0,0.02,0.09,월세,66.04325215,2356.639571,48.32208589
경상남도,밀양시,44923,440.5,11088,15306,1750,0,15731,725,45906,9.1,0.1,0,0,0.03,0.13,월세,57.70468395,3250.874419,34.20697674
경상남도,거제시,93728,1258.3,17932,44501,3017,0,25977,1314,95725,2.5,0.03,0,0,0.01,0.04,월세,74.56560829,1579.243232,49.45854484
경상남도,의령군,12144,105.4,3017,3346,488,0,4982,239,12287,14.7,0.15,0,0,0.04,0.19,월세,51.23666667,1184.666667,21.66666667
경상남도,함안군,26560,297.8,5847,10466,1036,0,8522,485,26576,7.6,0.08,0,0,0.03,0.12,월세,61.90092639,2797.75,37.20833333
경상남도,창녕군,26590,262,6825,8555,1113,0,9356,522,26832,15.5,0.16,0,0,0.05,0.21,월세,57.89965857,1887.457143,34.32857143
경상남도,남해군,19316,189.8,5588,5441,809,0,7131,112,19462,9.4,0.1,0,0,0.02,0.12,월세,59.98477,1600,34
경상남도,하동군,19387,192.6,5040,5954,1000,0,6897,350,19387,8.7,0.09,0,0,0.04,0.13,월세,44.35515806,1389.290323,21.58064516
경상남도,산청군,15356,143.7,4068,4342,695,0,5801,348,15576,12,0.13,0,0,0.05,0.18,월세,58.40722222,2988.222222,33.55555556
경상남도,함양군,17165,159.4,4473,5068,743,0,6465,312,17298,10.4,0.11,0,0,0.04,0.15,월세,62.65889091,2089.545455,35.72727273
경상남도,거창군,25491,279.9,6465,9205,1017,0,8382,205,25832,10.7,0.11,0,0.01,0.03,0.14,월세,67.56779,3006.783333,49.73333333
경상남도,합천군,20124,176.9,5434,5532,752,0,7926,326,20089,15.1,0.16,0,0,0.03,0.2,월세,51.02,2540,24.66666667
서울특별시,종로구,62652,625.5,10225,23221,2480,0,24668,1630,63300,8.3,0.08,0.04,0.02,0.04,0.17,월세,57.32766858,18833.36528,122.3400853
서울특별시,중구,54496,514.8,9128,19452,1930,0,22075,1607,55039,8.8,0.08,0.04,0.02,0.05,0.18,월세,56.37043721,14735.31641,125.85387
서울특별시,용산구,93177,957.2,16003,35426,3209,0,35143,2805,95596,5.8,0.06,0.05,0.01,0.02,0.13,월세,76.15398193,24442.23021,173.2247934
서울특별시,성동구,122770,1377.5,21089,52686,4641,0,41475,1767,122042,9.5,0.11,0.04,0.01,0.01,0.16,월세,70.22882522,25309.35718,158.0683634
서울특별시,광진구,149905,1553.6,22878,60012,5031,0,58680,2040,151862,10.2,0.11,0.08,0.02,0.02,0.22,월세,67.87897269,25770.92558,123.8790698
서울특별시,동대문구,148349,1592.7,22978,58020,5792,0,58140,2218,150048,8.9,0.1,0.05,0.02,0.03,0.18,월세,53.55206232,13533.60321,87.9005561
서울특별시,중랑구,160776,1838.9,27589,72097,6428,0,52180,1030,164606,7.8,0.08,0.08,0.01,0.01,0.18,월세,46.58679828,10523.7401,49.23004543
서울특별시,성북구,176729,2136.9,28522,78972,7502,0,57800,2399,179421,9.3,0.11,0.05,0.01,0.03,0.19,월세,59.14934368,13711.04414,83.86909871
서울특별시,강북구,128012,1419.9,21187,56574,5236,0,42768,1151,129679,8.3,0.09,0.09,0.01,0.02,0.19,월세,49.34682855,8404.982609,71.9942029
서울특별시,도봉구,126831,1651,23328,63084,5555,0,32635,1033,127216,3.6,0.04,0.05,0,0.01,0.1,월세,55.87096343,7309.170895,66.5117281
서울특별시,노원구,201458,2727.4,32467,104519,7533,0,53166,1789,202341,5.6,0.06,0.02,0,0.01,0.09,월세,51.24045583,6992.37242,64.12370078
서울특별시,은평구,184890,2245.5,32949,86806,8367,0,52777,2460,190395,5.2,0.06,0.06,0,0.02,0.14,월세,49.05390212,12614.64182,60.42507021
서울특별시,서대문구,128635,1425.2,20753,53207,5155,0,46431,1994,132924,5.9,0.07,0.05,0.01,0.02,0.14,월세,56.09823739,16168.49525,91.71845319
서울특별시,마포구,156885,1696.3,25218,61960,5405,0,59213,3943,160522,4.9,0.05,0.05,0.01,0.02,0.12,월세,61.05751006,19330.08896,115.7847791
서울특별시,양천구,162867,2337.2,26916,90231,6700,0,36166,1329,165829,4.8,0.05,0.05,0.01,0.01,0.11,월세,66.80070295,23668.43783,83.9261858
서울특별시,강서구,240135,2791.2,39793,106657,8493,0,79279,3932,243743,6.3,0.07,0.03,0,0.03,0.13,월세,51.77166297,13008.49444,61.87605526
서울특별시,구로구,160378,1949.5,29763,73049,6352,0,47702,2179,163880,6.6,0.07,0.02,0.01,0.02,0.12,월세,55.65139897,13006.27784,56.21267574
서울특별시,금천구,99315,999.5,15969,39995,3372,0,37768,1399,103280,10.7,0.12,0.03,0,0.03,0.17,월세,51.42463695,10369.36673,67.99724265
서울특별시,영등포구,153923,1673.3,26469,59963,5156,0,58199,2798,162232,6.9,0.07,0.03,0.01,0.04,0.15,월세,58.68451748,21970.09555,84.94108207
서울특별시,동작구,164963,1787.1,27111,68335,6061,0,60077,2115,167552,10.2,0.12,0.06,0.01,0.03,0.21,월세,60.800038,21506.45136,93.3149828
서울특별시,관악구,242154,1974.9,34145,73737,6109,0,119855,6811,248739,16.8,0.19,0.07,0.01,0.06,0.32,월세,49.79942357,12231.78851,71.87262028
서울특별시,서초구,155377,2136.2,26415,75769,6656,0,42624,2521,155805,3.2,0.03,0.03,0,0.02,0.08,월세,79.90187441,43052.20367,191.2819096
서울특별시,강남구,206524,2539,32476,93245,6991,0,65974,6240,208553,4.2,0.04,0.03,0,0.02,0.1,월세,70.55609059,36109.67346,167.4052773
서울특별시,송파구,252212,3301.1,43711,123710,9770,0,68725,4258,255530,4.1,0.04,0.04,0.01,0.02,0.1,월세,68.06430205,27629.26659,116.8479518
서울특별시,강동구,162976,2095.6,28024,79701,6841,0,45136,1904,176992,5.3,0.06,0.05,0,0.01,0.12,월세,55.85564037,17302.67614,81.32368421
부산광역시,중구,19847,166,3403,6259,533,0,8982,512,20494,9.5,0.09,0.01,0,0.04,0.14,월세,42.06005196,2671.568627,45.17647059
부산광역시,서구,46608,471.5,8781,17363,1895,0,17685,517,47198,9.1,0.09,0.01,0,0.01,0.11,월세,64.15790642,5093.198113,64.46981132
부산광역시,영도구,49823,535,10039,19874,1917,0,17189,371,50786,7.4,0.08,0,0,0.01,0.09,월세,63.56509193,3021.118616,52.08401977
부산광역시,부산진구,152433,1577.2,27893,61655,5532,0,53940,2281,156890,6.4,0.06,0,0,0.01,0.08,월세,51.15278452,3422.886625,52.83813539
부산광역시,동래구,103176,1319.6,20602,50065,4236,0,26743,605,105881,3.6,0.04,0,0,0.01,0.05,월세,65.44778221,6066.563034,64.96260684
부산광역시,남구,111594,1273.8,21736,49569,4506,0,33699,1247,110510,4.7,0.05,0,0,0.01,0.06,월세,67.98927367,5261.034525,80.04993835
부산광역시,북구,112242,1444.5,21508,55621,4140,0,29558,474,113022,3.1,0.03,0.01,0,0.01,0.04,월세,62.85350833,4625.356965,50.88059701
부산광역시,해운대구,156230,1932.7,30416,75239,5992,0,41982,1250,158408,2,0.02,0,0,0.01,0.03,월세,77.17539321,5652.666263,99.79812064
부산광역시,사하구,128548,1539.3,24972,59152,4705,0,37680,862,128228,4.5,0.05,0,0,0.01,0.06,월세,61.15136634,3095.95095,47.23911711
부산광역시,금정구,101294,1138.5,19517,41802,3596,0,34739,749,101726,5.7,0.06,0,0,0.01,0.08,월세,64.90020067,5475.649667,61.33592018
부산광역시,사상구,90171,1036.9,16555,40443,2936,0,28846,554,90556,7.5,0.08,0,0,0.02,0.1,월세,53.03337738,3917.285945,41.00969305
대구광역시,동구,139168,1680.3,27147,62701,5666,0,41593,768,141632,3.3,0.03,0,0,0.01,0.05,월세,65.0938204,3433.914853,55.52082019
대구광역시,서구,73980,804.3,14289,31363,3043,0,24341,282,74021,7.8,0.08,0,0,0.02,0.1,월세,72.63213017,2152.372881,67.18474576
대구광역시,북구,174696,2259.2,30293,84366,6091,0,51433,852,179418,4.1,0.05,0,0,0.01,0.06,월세,63.4285662,3022.749912,53.00706464
대구광역시,수성구,157906,2217.2,29401,82071,6905,0,37645,500,160077,2,0.02,0,0,0.01,0.03,월세,79.95448182,4627.204034,96.1069267
대구광역시,달서구,224644,2878.6,39448,111080,7584,0,63666,705,226593,3.4,0.04,0,0,0.01,0.05,월세,72.09952588,2535.044636,70.28507127
대구광역시,달성군,95751,1291.5,18809,48953,3094,0,23217,574,99284,2.7,0.03,0,0,0.02,0.05,월세,66.83881287,3398.30267,42.6146671
인천광역시,중구,55660,621.2,9242,21433,1765,0,20943,1844,59389,2.4,0.02,0.01,0,0.03,0.06,월세,62.3843954,4010.30547,63.56936543
인천광역시,동구,25183,316.7,4903,11719,1206,0,6889,257,25185,6.6,0.07,0.02,0,0.02,0.1,월세,55.74732148,5784.897092,54.73378076
인천광역시,연수구,130428,1918,20668,71174,5699,0,29989,1669,207048,2.7,0.03,0.02,0,0.02,0.07,월세,79.25365331,5825.378471,127.4006332
인천광역시,남동구,203704,2736.3,34033,102233,7892,0,54361,3385,193657,4.1,0.04,0.02,0,0.02,0.08,월세,55.03686455,4080.92782,49.45327605
인천광역시,부평구,194930,2487.5,32313,99196,7993,0,50915,3050,113413,3.4,0.04,0.03,0,0.01,0.08,월세,61.11397656,8632.642484,56.377402
인천광역시,계양구,112858,1553.8,18137,60276,4285,0,27450,1585,200576,2.6,0.03,0.02,0,0.01,0.06,월세,52.82905071,2740.19828,57.16989247
인천광역시,서구,195663,2801.5,32400,106065,8626,0,44180,2648,168650,5,0.06,0.02,0,0.03,0.11,월세,72.97106372,4959.299868,82.78393291
인천광역시,강화군,27048,299.4,8211,8898,1608,0,7712,378,27750,5.4,0.06,0.01,0,0.05,0.12,월세,59.37570741,1932.777778,53.14814815
광주광역시,동구,44954,455.7,8863,16015,1408,0,17590,743,47295,5.2,0.06,0,0,0.03,0.09,월세,67.08642754,8696.453725,49.2234763
광주광역시,서구,122889,1506,21161,56122,3547,0,39811,1077,124031,2.3,0.02,0,0,0.01,0.04,월세,63.5300662,3673.542504,57.00824317
광주광역시,북구,178759,2177.6,31324,81783,5299,0,57003,1577,180972,2.2,0.02,0,0,0.02,0.04,월세,59.73354209,3609.547151,46.45484838
광주광역시,광산구,154385,2193.2,22882,80540,4116,0,43326,1941,159167,2.1,0.02,0,0,0.01,0.03,월세,58.04470048,3280.624924,46.39019964
대전광역시,동구,100718,1078.1,17300,39671,3191,0,38474,1162,102534,8.2,0.1,0,0,0.01,0.12,월세,63.67107568,4066.697653,56.2028169
대전광역시,중구,96106,1169.8,18050,42763,3973,0,29525,991,97505,3.9,0.04,0,0,0.02,0.07,월세,60.31947556,4723.001929,49.3170418
대전광역시,서구,196870,2371.7,32631,88926,5877,0,64879,2847,203082,3.1,0.04,0,0,0.01,0.05,월세,59.55545359,4595.290025,62.3758033
대전광역시,유성구,143172,1759.4,23032,63338,3867,0,49516,2036,153942,6,0.08,0,0,0.02,0.1,월세,55.32719126,6268.823557,48.64664641
대전광역시,대덕구,72177,873.3,13079,32685,2370,0,22642,654,73371,3.7,0.04,0,0,0.01,0.06,월세,66.70500396,3727.16986,55.40485313
울산광역시,중구,86756,1109.2,16869,42263,3174,0,23339,286,86392,2.9,0.03,0,0,0.01,0.04,월세,68.05747741,5451.560976,60.45057766
울산광역시,남구,128579,1564,23577,60514,3514,0,38273,1448,130392,2.8,0.03,0,0,0.01,0.04,월세,64.64906577,4397.396673,65.36212412
울산광역시,북구,76681,1147,14164,43396,2225,0,15677,335,79141,1.7,0.02,0,0,0.01,0.03,월세,61.83027715,3830.21365,44.92225519
경기도,수원시,457351,6152.5,66456,226112,16763,0,136959,6682,465600,3.5,0.04,0.02,0,0.01,0.07,월세,62.02225699,8402.047612,68.20357856
경기도,성남시,361413,4545,58807,172276,14845,0,108016,4025,369007,4.4,0.05,0.06,0.01,0.02,0.06,월세,60.99346261,17508.42336,80.61207908
경기도,의정부시,170040,2249,29455,84740,7876,0,44687,1699,177865,2.8,0.03,0.01,0,0.02,0.06,월세,53.97045625,4305.064572,54.94783789
경기도,안양시,205695,2956.5,34844,110763,9103,0,46872,2280,203083,3.6,0.04,0.04,0,0.02,0.09,월세,56.55377795,10068.33887,79.45257583
경기도,부천시,311910,4146.7,51353,161370,12579,0,80018,3635,315228,4.1,0.04,0.02,0,0.02,0.09,월세,54.11286331,6620.762316,66.18910329
경기도,광명시,115414,1693.9,19733,61899,4814,0,26621,1119,111274,2.5,0.03,0.04,0,0.01,0.07,월세,61.25273144,12067.77813,81.54269753
경기도,평택시,197997,2469.1,32621,90401,7502,0,61383,4475,212746,3.4,0.03,0.01,0,0.02,0.06,월세,52.86273827,3929.561291,52.27613429
경기도,동두천시,37297,448.7,7056,16258,1786,0,11205,715,37854,4.3,0.04,0,0,0.02,0.07,월세,65.0479125,1914.579819,50.1626506
경기도,안산시,253140,3182.5,37768,124134,9059,0,76298,3469,259958,3.3,0.04,0.02,0,0.01,0.08,월세,60.2195063,4663.65204,73.71013597
경기도,고양시,385021,5289.8,66169,199593,17926,0,92783,5295,398128,2.1,0.02,0.02,0,0.02,0.05,월세,62.33706488,8140.262107,63.79951008
경기도,과천시,18901,306.5,3334,10708,1057,0,3463,150,20463,3.6,0.04,0.09,0,0.03,0.16,월세,63.95373724,26153.33841,94.11727842
경기도,구리시,71974,1013,12017,38474,3335,0,16802,744,73130,3.1,0.03,0.03,0.01,0.01,0.08,월세,61.77369666,10045.35924,75.23721881
경기도,남양주시,243802,3694.5,44253,132763,13600,0,48817,2249,252383,2.1,0.02,0,0,0.02,0.05,월세,54.94108716,6474.202069,44.99766664
경기도,오산시,87151,1138.9,12900,41928,3036,0,26659,1848,91768,5,0.05,0,0,0.03,0.09,월세,53.04300759,3838.965578,44.17462312
경기도,시흥시,178734,2425.9,28097,90006,5941,0,49604,3226,192567,3,0.03,0.01,0,0.02,0.06,월세,63.10816167,7305.786829,54.51263128
경기도,군포시,100586,1444.4,17480,53542,3865,0,23729,873,103026,3.4,0.03,0.02,0,0.02,0.07,월세,55.12314033,6348.759771,65.94215737
경기도,의왕시,57061,831.5,10610,30779,2571,0,12068,512,59297,2.5,0.03,0.02,0,0.01,0.05,월세,53.18765401,9762.455185,56.25483304
경기도,하남시,101231,1355.8,18485,49601,4161,0,27076,909,112230,2.2,0.02,0.01,0,0.02,0.05,월세,64.32712914,15544.20543,73.38539164
경기도,용인시,371752,5587.2,66289,198304,17491,0,82126,3743,386075,2,0.02,0.01,0,0.02,0.04,월세,75.87822278,12015.26404,87.68572911
경기도,파주시,164306,2258.8,29639,81350,8241,0,41376,2268,170503,2.6,0.03,0,0,0.03,0.06,월세,58.54148032,4857.464247,45.88429752
경기도,이천시,80367,1090.1,14990,37259,3745,0,22154,1531,83134,3.8,0.04,0,0,0.03,0.08,월세,60.45737076,4411.634087,55.0815832
경기도,안성시,74066,907.3,14311,30620,3242,0,23626,1647,77137,3.8,0.04,0,0,0.03,0.07,월세,54.85429154,5060.373494,35.18117754
경기도,화성시,298397,4281.4,47341,152486,10112,0,80415,4773,321402,2.1,0.02,0,0,0.03,0.05,월세,54.47037226,6158.912552,46.2114507
경기도,광주시,136730,1724,27440,67526,6629,0,31991,2036,142715,2.3,0.02,0.01,0,0.03,0.06,월세,67.0121478,6626.535973,71.7846451
경기도,포천시,58273,664.7,12323,23662,2632,0,17991,1297,59317,4.5,0.05,0,0,0.08,0.13,월세,60.72519511,1931.899083,47.60244648
경기도,여주시,42903,504.8,9616,17204,2401,0,12463,892,44056,3.7,0.04,0,0,0.04,0.08,월세,53.99080362,3019.157107,43.82169576
경기도,연천군,17681,187,4033,6239,999,0,5824,502,17953,6.6,0.07,0,0,0.05,0.12,월세,61.32328019,1356.358491,43.76415094
경기도,가평군,24950,267,5864,8728,1172,0,8429,581,25551,4.4,0.05,0,0,0.06,0.11,월세,69.93655395,2233.869767,62.31162791
강원도,춘천시,113550,1370,21483,48679,5163,0,36297,978,117773,3.9,0.04,0,0,0.02,0.06,월세,64.54572357,4497.949178,61.34529148
강원도,원주시,142352,1700.5,26621,61612,4943,0,46201,1547,150076,3.1,0.03,0,0,0.01,0.05,월세,63.19310214,3912.197325,46.86547198
강원도,강릉시,92093,961.6,19411,34946,3625,0,32114,1251,97890,4.9,0.05,0,0,0.02,0.07,월세,54.04037307,3719.548013,44.88520971
강원도,속초시,34213,374.5,7252,13606,1306,0,11111,677,35491,4.1,0.04,0,0,0.02,0.06,월세,58.65903914,2095.43131,61.5071885
강원도,양양군,11934,117,3051,3770,549,0,4252,206,12305,6.3,0.07,0,0,0.04,0.11,월세,54.92548269,1389.365385,57.40384615
충청북도,충주시,90191,971.1,19352,34436,3508,0,30970,1235,92965,3.4,0.04,0,0,0.02,0.06,월세,55.26306017,2241.69296,47.72798434
충청북도,제천시,57422,637.7,13703,21203,1955,0,19283,710,59625,4.4,0.04,0,0,0.02,0.06,월세,51.67438814,1594.868613,42.28649635
충청북도,청주시,334431,4202,55336,153706,12562,0,105570,4183,347767,2.5,0.03,0,0,0.01,0.04,월세,55.39239301,2947.058552,51.08576612
충청북도,옥천군,20331,240.2,5846,7266,1027,0,5815,190,20617,7.2,0.08,0,0,0.03,0.11,월세,42.55221078,1973.421569,24.1372549
충청남도,천안시,264383,3321.9,40383,118328,8239,0,88865,5999,275302,2.9,0.03,0,0,0.02,0.05,월세,53.86259517,2956.327422,49.94105587
충청남도,공주시,44816,490.7,10266,16001,2094,0,15459,644,46050,6.6,0.07,0,0,0.03,0.1,월세,48.19185049,1975.339806,35.25889968
충청남도,아산시,123229,1556.7,20709,55965,4486,0,38539,2423,127791,3.2,0.03,0,0,0.03,0.06,월세,49.53456753,2658.32047,40.95995771
충청남도,서산시,70024,842.7,15556,29273,2456,0,20965,1087,72647,3.1,0.03,0,0,0.02,0.06,월세,66.95876323,7554.033651,32.58211954
충청남도,논산시,49004,540,11497,17864,2252,0,16270,725,49985,6.4,0.07,0,0,0.03,0.1,월세,51.43138856,2034.501845,42.98154982
충청남도,당진시,67758,802.9,13961,27080,2569,0,22248,1284,68979,3.6,0.04,0,0,0.03,0.06,월세,59.66845007,7167.715401,29.97764372
충청남도,금산군,22450,233.9,5684,7254,1030,0,7867,437,23182,10.4,0.11,0,0,0.05,0.16,월세,54.95099726,2038.493151,39.69863014
전북특별자치도,전주시,261378,3304.2,45737,121691,8939,0,80845,1722,270339,2.3,0.02,0,0,0.01,0.04,월세,65.94569427,8113.148732,39.84350011
전북특별자치도,군산시,108999,1330,22033,46358,3914,0,34368,1327,111617,2.7,0.03,0,0,0.01,0.04,월세,58.34110267,5665.441333,27.571
전북특별자치도,남원시,33242,349.6,8258,11994,1431,0,10878,419,33870,6.5,0.07,0,0,0.03,0.1,월세,52.32852404,4838.705015,17.28023599
전북특별자치도,임실군,11985,111.6,2844,3729,571,0,4534,241,12226,12,0.12,0,0,0.03,0.16,월세,60.8900619,2263.619048,28.80952381
전북특별자치도,순창군,11476,129.2,2935,3758,705,0,3818,157,11585,11,0.11,0,0,0.03,0.15,월세,61.04287174,2267.152174,18.39130435
전북특별자치도,부안군,22026,221.1,5781,7292,910,0,7524,347,22301,4.4,0.04,0,0,0.04,0.09,월세,58.39941765,1282.514706,42.45588235
전라남도,여수시,109473,1328.7,24727,46557,4098,0,31639,1367,112173,4.4,0.05,0,0,0.02,0.07,월세,57.29389723,3917.945105,35.48047538
전라남도,순천시,106414,1359.5,21868,49823,3503,0,29155,985,109979,4,0.04,0,0,0.02,0.06,월세,59.65526073,3400.998847,45.12168397
전라남도,광양시,56134,699.6,12119,25854,1759,0,15034,760,57669,3.2,0.03,0,0,0.02,0.06,월세,57.25392741,2629.42445,37.95975702
경상북도,경주시,108194,1156.8,23830,41514,3829,0,36568,1560,111093,6.4,0.07,0,0,0.03,0.09,월세,66.41915905,2476.464548,49.57334963
경상북도,김천시,57408,645.4,13223,22240,2445,0,18405,555,59185,6.2,0.06,0,0,0.02,0.09,월세,62.24288235,2561.538603,50.50551471
경상북도,안동시,68285,728.5,15626,24817,2613,0,23852,806,70860,9,0.09,0,0.01,0.02,0.12,월세,64.95659083,7125.312169,34.65079365
경상북도,구미시,164752,2061,27446,77932,4326,0,50705,2556,169399,2.2,0.02,0,0.01,0.02,0.04,월세,65.41731737,5320.17676,40.4996215
경상북도,상주시,42579,423,11194,13623,2009,0,14861,515,43627,10.4,0.11,0,0,0.03,0.14,월세,52.9461719,1468.413223,41.19008264
경상북도,문경시,30068,310.3,8080,9949,1309,0,10187,303,30505,8.2,0.08,0,0,0.03,0.12,월세,53.10731186,1187.745763,40.30508475
경상북도,경산시,112324,1292,21053,46853,3758,0,38209,1418,115969,4.1,0.04,0,0,0.02,0.06,월세,71.31237648,3092.227951,51.09859792
경상남도,통영시,53200,642.5,11744,21759,1976,0,16447,708,53668,4.5,0.05,0,0,0.02,0.07,월세,64.06906342,2615.003356,52.24832215
경상남도,김해시,201314,2741.6,35179,103639,6911,0,51954,1524,206938,2.7,0.03,0,0,0.02,0.05,월세,66.25060774,4472.215648,48.82141309
경상남도,양산시,134260,1732.1,25561,65348,4337,0,36600,1027,138429,1.8,0.02,0,0,0.01,0.03,월세,63.36586049,3584.982039,43.7368932
경상남도,창원시,148257,1799.5,28971,67344,6215,0,43701,769,409276,3.3,0.03,0,0,0.01,0.05,월세,66.84999991,6635.197007,48.71719457
경상남도,고성군,21824,231.3,5530,7239,941,0,7573,368,22020,10.8,0.11,0,0,0.03,0.14,월세,59.40102,1800.866667,35.03333333
제주특별자치도,제주시,184488,2508.8,30451,85671,8612,0,53925,4118,191088,5.6,0.06,0,0.01,0.03,0.1,월세,59.96079376,3749.82011,69.40025467
제주특별자치도,서귀포시,69228,882.9,13185,28157,4040,0,21405,1921,71240,7.1,0.07,0,0,0.04,0.11,월세,53.7769635,2550.631179,65.67649857
